rank,seed,ema_epoch,final,detection,parameter,precision,recall,n_pred,n_match,score_z,score_nhi,z_signed_bias,z_std,lognhi_signed_bias,lognhi_std,lognhi_mae,lognhi_rmse,baseline_E_E_final,delta_vs_E_E,wls_sample_count,solver_rank,solver_cond,gates_all_pass,gates_failed,e_ckpt,e_ckpt_md5,deployable_sha256,head_sha256,cand_dir,fatal
1,51,8,0.687569327685616,0.6712027088378448,0.7121192559572727,0.8929219600725953,0.541651376146789,1653,1476,0.7027437186473068,0.7214947932672385,6.183825969696045,93.46125030517578,0.00015754751802887768,0.08121366053819656,0.06015908718109131,0.0812138095498085,0.6759726478960849,0.01159667978953105,6137,129,1.3626877404249171e-12,True,[],/home/heruihua/csst_dla_runs/20261008_r48sh/seed51/ema_ep8.pt,889e42c20ee1be032fad4a084ae3f195,ce2147f6c7428c8b3104a7885395238fd52c3b775fd2f29a1a9fa20f1be4c03e,5e2fa5d086535f9086e88d43a335cf09c6976486c6e48a42fbdcad56f7b09ba5,/home/heruihua/csst_dla_runs/20261008_r48sh/cand/seed51_ep8,
2,51,6,0.6870428480401215,0.6682683333752246,0.7152046200374669,0.8907766990291263,0.5387155963302752,1648,1468,0.7075232825228361,0.7228859575520976,5.482759952545166,92.82990264892578,-0.0005248690722510219,0.07981377840042114,0.05943749472498894,0.07981550693511963,0.6750950409791693,0.01194780706095222,6033,129,1.3395951015127139e-12,True,[],/home/heruihua/csst_dla_runs/20261008_r48sh/seed51/ema_ep6.pt,cbc9fe4173af8fcfd9bbbff0388de09f,edade377bb3b6500588c2386c02a3fcbecacc1a38ed75200bc9210cc92776836,2de73ddaac367b256fa13b83b0adc7be8a11ece3691ffc6f8215d48592d83301,/home/heruihua/csst_dla_runs/20261008_r48sh/cand/seed51_ep6,
3,51,10,0.686900647846922,0.6729990097286732,0.7077531050242951,0.8858501783590963,0.5467889908256881,1682,1490,0.6940849366233155,0.7214212734252748,7.952645778656006,93.64299011230469,0.0001424149377271533,0.08127696812152863,0.06076565757393837,0.08127708733081818,0.6745781553691353,0.012322492477786606,6319,129,1.4030998585212728e-12,True,[],/home/heruihua/csst_dla_runs/20261008_r48sh/seed51/ema_ep10.pt,73cbc03a35463e27cd7bd8b379db50c5,fc50437b95e08dac54e48c8519ddcebb219723b718d069cee82c09e3e260459f,801051ec555019384b82f75b1e823e0b85b3484dc01d47e0c11356ec68b6dce1,/home/heruihua/csst_dla_runs/20261008_r48sh/cand/seed51_ep10,
4,53,10,0.6851602847128795,0.6643604629782461,0.7163600173148295,0.8665886483323582,0.5434862385321101,1709,1481,0.7075037893568167,0.7252162452728422,5.508289337158203,92.787109375,-0.000643220788333565,0.0787132978439331,0.05878393352031708,0.07871592789888382,0.6675157419349529,0.017644542777926597,6390,129,1.41886502547095e-12,True,[],/home/heruihua/csst_dla_runs/20261008_r48sh/seed53/ema_ep10.pt,4e64fe0a60e2bf408958d4c96350d23d,c04708911079e99937ebcf1a40c562c5d42462611f32d2525985678152492e50,6515411756ac2c29fb4d890199292ab10613d402bf0be9eb44a98251daeca11d,/home/heruihua/csst_dla_runs/20261008_r48sh/cand/seed53_ep10,
5,51,12,0.6843506562417734,0.6735673786052356,0.70052557269658,0.8743455497382199,0.551559633027523,1719,1503,0.6989549643100736,0.7020961810830862,7.031051158905029,93.38858795166016,-0.0021088244393467903,0.08314915746450424,0.06178108975291252,0.0831758975982666,0.675563735439935,0.008786920801838405,6620,129,1.4699352846037073e-12,True,[],/home/heruihua/csst_dla_runs/20261008_r48sh/seed51/ema_ep12.pt,a1200f3413605d5eb135bf55e661b962,dd394388506583cc68c6abec2ba80113f10a050ada9e5e02c8fb863830511e71,29ada5c9e689b65b05ce82385d74a3f85aea6a193b17aefbc70d0a92872f821b,/home/heruihua/csst_dla_runs/20261008_r48sh/cand/seed51_ep12,
6,49,6,0.6838009619627543,0.6696288158012802,0.7050591812049654,0.8796680497925311,0.5445871559633028,1687,1484,0.6963169370399017,0.7138014253700289,6.867839813232422,94.84942626953125,-0.0009638176998123527,0.08187807351350784,0.06087019294500351,0.0818837508559227,0.6665533626234057,0.017247599339348607,6063,129,1.3462564396604648e-12,True,[],/home/heruihua/csst_dla_runs/20261008_r48sh/seed49/ema_ep6.pt,d7a37406e176dfab9c7cfa38ddd96528,5d32ebaba50a7f4e0dc140db90c11b17ca5d44b8c1532c845bcf9e20e9a0cfba,0d9d5bbd754e140fcd50521097c12480dca3229f341450b7be46bdb94540962a,/home/heruihua/csst_dla_runs/20261008_r48sh/cand/seed49_ep6,
7,53,12,0.6837060600670846,0.6634875027135404,0.7140338960974009,0.854524627720504,0.5475229357798165,1746,1492,0.7013638677086602,0.7267039244861414,5.81328010559082,94.79197692871094,-4.228765828884207e-05,0.07970331609249115,0.05929639935493469,0.07970332354307175,0.6654256456015746,0.018280414465509986,6646,129,1.475708444331758e-12,True,[],/home/heruihua/csst_dla_runs/20261008_r48sh/seed53/ema_ep12.pt,7b9035808c38b8a3dab54789ac16eb50,bc5fb0e380bc251f8063895603c4e995b3b6d747b75f40b4cd51f4b62c91c5c9,0f723924a52519a70521d49e55e746f4645e3bb7da8ade9cf7846816ac649f81,/home/heruihua/csst_dla_runs/20261008_r48sh/cand/seed53_ep12,
8,50,10,0.6830310181912425,0.6690575140661565,0.7039912743788714,0.872290568248389,0.5464220183486238,1707,1489,0.6987856568926178,0.7091968918651251,6.421241283416748,94.6808853149414,-0.0007200657273642719,0.08410535752773285,0.06033335626125336,0.08410844206809998,0.6767274889765422,0.006303529214700232,6336,129,1.4068746168049984e-12,True,[],/home/heruihua/csst_dla_runs/20261008_r48sh/seed50/ema_ep10.pt,c593b8d0cbacfc7c021ba6f21db3e421,2fdada3837429560c712c71e4c5e120a0c8b6b6c8bdd66077f4bc662ee779974,d0c07e4b34455ffbc425b27820fcdc16d4a69e157b0f0bd98b14c6c852691c7f,/home/heruihua/csst_dla_runs/20261008_r48sh/cand/seed50_ep10,
9,52,8,0.6829976568035152,0.669105095399234,0.7038364989099368,0.8780343398460627,0.5442201834862386,1689,1483,0.6970470967245262,0.7106259010953474,7.110045909881592,94.05059814453125,-0.002144923433661461,0.08003997802734375,0.05941152945160866,0.08006871491670609,0.6711619670364222,0.011835689767093038,6166,129,1.369127033967743e-12,True,[],/home/heruihua/csst_dla_runs/20261008_r48sh/seed52/ema_ep8.pt,c2bfaf4477d6275717b5a63720398351,d2ee624337417a0fe6dbe5d15e690c4d45cda49d856c6cdf44ba6df164bac79c,08a83bbd85bc5662b35da00d48a88d5dba660a3df3f33cb015166e83ec7e288c,/home/heruihua/csst_dla_runs/20261008_r48sh/cand/seed52_ep8,
10,48,10,0.6829792104872823,0.6662916814615581,0.7080105040258685,0.8716892289582107,0.5434862385321101,1699,1481,0.7025069004914867,0.7135141075602504,6.887394428253174,92.15522766113281,-0.0007487521506845951,0.0825163871049881,0.059808313846588135,0.0825197771191597,0.6694514668139735,0.013527743673308779,6339,129,1.4075407506197735e-12,True,[],/home/heruihua/csst_dla_runs/20261008_r48sh/seed48/ema_ep10.pt,f827e2e68361e95b6342bb5d222b2119,6679a2dff69e20746a087c8d2535960611911f55ddc13723ab11ff412a13c020,83d444b7487ae7d166028cac19574d17bb44d72087436797e6246eb2319fb276,/home/heruihua/csst_dla_runs/20261008_r48sh/cand/seed48_ep10,
11,53,8,0.6829080626272166,0.6680483693030385,0.7051976026134837,0.8793103448275862,0.5427522935779816,1682,1479,0.6947693243189411,0.7156258809080264,7.508896827697754,94.23482513427734,0.0014353359583765268,0.08006110042333603,0.05953355133533478,0.08007396012544632,0.6636641954390172,0.01924386718819937,6209,129,1.3786749519795194e-12,True,[],/home/heruihua/csst_dla_runs/20261008_r48sh/seed53/ema_ep8.pt,17ba8fca1e34550e68a1fea0b23fc8f7,1bb3a9e958d34bf5a416f22da4d15793bd09bda82d5c7d5b30ea558d030d5c82,390b77a473dca9dac390a84ff19b557968c5dd3ad959a5d9286713279fe64a7c,/home/heruihua/csst_dla_runs/20261008_r48sh/cand/seed53_ep8,
12,50,8,0.6828589381537427,0.6678118607624991,0.7054295542406079,0.8772969768820391,0.5431192660550459,1687,1480,0.6973981784476844,0.7134609300335315,7.677809715270996,92.76400756835938,-0.0002411288151051849,0.08380407840013504,0.06026181951165199,0.0838044285774231,0.674866535052744,0.00799240310099869,6149,129,1.3653522756840175e-12,True,[],/home/heruihua/csst_dla_runs/20261008_r48sh/seed50/ema_ep8.pt,34a0982c62cb091c00f391f827ef1eda,44c4f00fac65860eb043b23fb52cd7871cb234f0c01ac05e01909075f3e74b3e,5520458e2dabee38e5b46cdacbba56bad593ab5733a141a1be464e65d02b2940,/home/heruihua/csst_dla_runs/20261008_r48sh/cand/seed50_ep8,
13,46,6,0.682284447265449,0.6675700866938149,0.7043559881229002,0.8796185935637664,0.541651376146789,1678,1476,0.7005411734118149,0.7081708028339857,7.321695327758789,92.12725067138672,-0.0010845266515389085,0.0835561752319336,0.06101389601826668,0.08356322348117828,0.681720212595357,0.0005642346700920342,6076,129,1.3491430195244902e-12,True,[],/home/heruihua/csst_dla_runs/20261008_r48sh/seed46/ema_ep6.pt,ce00e1eda9c4815f26af60d9e4e8deb5,fbe5f910e484bc49ed7cca84786fa7a5a6b14f5f220522f2e7474403b3aebaa2,6db79cb650b9ec9908ab306f5eb98ab080d3f84d0919927f3a2c90cc76906cbb,/home/heruihua/csst_dla_runs/20261008_r48sh/cand/seed46_ep6,
14,49,8,0.6819291931313523,0.6688372983465706,0.7015670353085248,0.8765505020673361,0.5445871559633028,1693,1484,0.6960084279851857,0.707125642631864,7.672342777252197,93.37336730957031,-0.0009693173924461007,0.08421343564987183,0.061327408999204636,0.08421900868415833,0.6697923309627989,0.012136862168553364,6168,129,1.3695711231775931e-12,True,[],/home/heruihua/csst_dla_runs/20261008_r48sh/seed49/ema_ep8.pt,b46e752ede71a71c8da7a30030dcfa7f,eeb54a2a768013195768f2d563347044c924ddbaec97192fe6a66fb5ea925212,92260a6d9aeb58352819542bcdec4ed1fce7153088b478caf148bf6c3f77c7d2,/home/heruihua/csst_dla_runs/20261008_r48sh/cand/seed49_ep8,
15,50,12,0.6818695993101078,0.6681213923483451,0.7024919097527521,0.8609994256174612,0.550091743119266,1741,1499,0.6996293148959661,0.7053545046095381,6.165007591247559,94.83137512207031,-0.0010972445597872138,0.08452057838439941,0.06109026074409485,0.08452770113945007,0.6751852039094346,0.0066843954006732265,6569,129,1.4586110097525307e-12,True,[],/home/heruihua/csst_dla_runs/20261008_r48sh/seed50/ema_ep12.pt,d84d9cac5dcc9140d1a6ae28ed749ffb,89a9d181595837a45128d2a81f029a025b6082270467d3f389b9d4cd607b15a9,4211c146b8849d86d4fa4772826979eed66b134c9b06fe07c672db3fc9a3c7eb,/home/heruihua/csst_dla_runs/20261008_r48sh/cand/seed50_ep12,
16,48,8,0.6817597213600535,0.6664578748944248,0.7047124910584965,0.8799283154121864,0.5405504587155964,1674,1473,0.708155118469699,0.7012698636472942,5.8769307136535645,91.77377319335938,-0.0017191037768498063,0.08441786468029022,0.06108058616518974,0.084435373544693,0.671656271398813,0.010103449961240463,6149,129,1.3653522756840175e-12,True,[],/home/heruihua/csst_dla_runs/20261008_r48sh/seed48/ema_ep8.pt,75021b557f5909dd695b6108258082a0,b5e50b355c95d850eaa4ce63b722f9bbb2a203ad47713e687a5bc90b9bd478c3,88ffe67711d9425634367ffdb6f4e8bbc3bd2b9077b6f7a8cd89c7f7877220ed,/home/heruihua/csst_dla_runs/20261008_r48sh/cand/seed48_ep8,
17,52,10,0.6817026921255813,0.6690991623150417,0.7006079868413908,0.8704784130688448,0.5475229357798165,1714,1492,0.6917052706447162,0.7095107030380653,7.962226390838623,94.65414428710938,-0.0022830450907349586,0.08008731156587601,0.05898268520832062,0.08011984825134277,0.6733296139214048,0.008373078204176543,6356,129,1.411315508903499e-12,True,[],/home/heruihua/csst_dla_runs/20261008_r48sh/seed52/ema_ep10.pt,397ddd6f9b1f58ec893062c96464bb53,c65437690ebc8388dfebdf3feaba58cfc866299b1b6493250579e3e482299932,9a921a191d065fa0478a272973eafe4fd1f6ea1abe58d0d9d3815818aa212415,/home/heruihua/csst_dla_runs/20261008_r48sh/cand/seed52_ep10,
18,53,6,0.6816170657028444,0.6682759770744514,0.7016286986454339,0.8842231553689263,0.5409174311926606,1667,1474,0.6937096438246637,0.709547753466204,7.37252950668335,94.9654769897461,0.0013149757869541645,0.08249443024396896,0.060552652925252914,0.08250490576028824,0.6607541684305589,0.02086289727228552,6045,129,1.3422596367718143e-12,True,[],/home/heruihua/csst_dla_runs/20261008_r48sh/seed53/ema_ep6.pt,f6903e265f7bfca7e0fe045a006fcbd5,1974d08b19f55cf1fa9517406e0c9a1313317b8b00de32b50a9fd0a007648ca3,161767c2575510aa4f325ea1627b1ec8689e35f041c2835a6b735fe3d934678e,/home/heruihua/csst_dla_runs/20261008_r48sh/cand/seed53_ep6,
19,52,12,0.6814923255914033,0.6699004619264729,0.6988801210887989,0.8614768174012593,0.5522935779816514,1747,1505,0.6857081140284079,0.71205212814919,8.750819206237793,95.6893310546875,-0.0020512717310339212,0.07977285981178284,0.05848953500390053,0.07979924231767654,0.6724123305244994,0.009079995066903823,6627,129,1.4714895968381825e-12,True,[],/home/heruihua/csst_dla_runs/20261008_r48sh/seed52/ema_ep12.pt,4e24962ac1f0b2a8fbb6db630f79ac76,bbee71c294575aa7fce6db4864bdfb09becd8f610528d8469772fe0e6bd014c0,246f311ffcaf55a21f163f401cd076c517a63f418c3716e261568e4d6e453de1,/home/heruihua/csst_dla_runs/20261008_r48sh/cand/seed52_ep12,
20,50,6,0.6811499349894135,0.6653715868157247,0.7048174572499465,0.8751486325802615,0.5401834862385321,1682,1472,0.6987190764272297,0.7109158380726632,6.516775608062744,94.51840209960938,-0.0005320828640833497,0.0839700996875763,0.06087757274508476,0.0839717835187912,0.6723991290572885,0.008750805932124961,6037,129,1.340483279932414e-12,True,[],/home/heruihua/csst_dla_runs/20261008_r48sh/seed50/ema_ep6.pt,de1b15fa33f1d9344425e9504c787b72,16911bc9b291f400a6c08a67c57d8bda24975685577b9897f9ed65675bc68d11,1b264274238330dbd1a46fafb3d3f115286f5f714e89c8c1b0d68078035d3d79,/home/heruihua/csst_dla_runs/20261008_r48sh/cand/seed50_ep6,
21,49,10,0.6810292900548525,0.6715235813010869,0.6952878531855008,0.8691372321945571,0.5508256880733945,1727,1501,0.6903210143222945,0.700254692048707,9.334571838378906,92.51042175292969,-0.0012472204398363829,0.08595973998308182,0.06109662726521492,0.08596879243850708,0.6707722104830454,0.010257079571807104,6368,129,1.4139800441625994e-12,True,[],/home/heruihua/csst_dla_runs/20261008_r48sh/seed49/ema_ep10.pt,28055e853adfb2d421db697d7da4dd6a,9a27000062e4ff83c94ab516e40806a8dc0163afb554246ae04f5be91b858232,e11fb9628147b4777fe531fd4662e441ff1fc55f8cd41cc193f30f361a6d6b4c,/home/heruihua/csst_dla_runs/20261008_r48sh/cand/seed49_ep10,
22,47,6,0.6809281832024193,0.6656684214307214,0.7038178258599663,0.8771615980918307,0.5398165137614679,1677,1471,0.7020883766301852,0.7055472750897475,7.224312782287598,91.66017150878906,0.0009283368126489222,0.08487453311681747,0.062198456376791,0.08487961441278458,0.6713634945992706,0.009564688603148741,6058,129,1.3451462166358397e-12,True,[],/home/heruihua/csst_dla_runs/20261008_r48sh/seed47/ema_ep6.pt,5f6f371c8b61c1485ae083a92d30746e,eb5c4290dfb4711ac8e83bf26011a09750a4dd9ad6a99a95d6573375ff9a3f58,9e61f3678a9e583be373627cf0e5fd76f3ce930c0e8b209aa10117eec0aea680,/home/heruihua/csst_dla_runs/20261008_r48sh/cand/seed47_ep6,
23,47,8,0.6808054583914472,0.6642065513914602,0.7057038188914277,0.8686690223792697,0.5412844036697247,1698,1475,0.6944374006285684,0.7169702371542871,9.186738967895508,91.02249908447266,4.648111644200981e-05,0.08306403458118439,0.06117134913802147,0.08306404203176498,0.6710303977844128,0.00977506060703448,6221,129,1.3813394872386198e-12,True,[],/home/heruihua/csst_dla_runs/20261008_r48sh/seed47/ema_ep8.pt,7cb27e7fe7d5bcd636875a1cba34ed8a,34b38bb9226f0a0448c3e2bf8e364f112ff0548eb853955e6aa1319c55e8941a,de3bc168ac46aef9f1d84f90a280c87b46b0f09ac9d56fb484e288d2e8e1eeb7,/home/heruihua/csst_dla_runs/20261008_r48sh/cand/seed47_ep8,
24,47,10,0.6807150933385353,0.6687953758842807,0.6985946695199171,0.8670922809053976,0.548256880733945,1723,1494,0.682240641181813,0.7149486978580212,10.616625785827637,93.47859954833984,-6.920330633874983e-05,0.0837131142616272,0.06139763444662094,0.08371314406394958,0.6723049220417209,0.008410171296814428,6393,129,1.4195311592857252e-12,True,[],/home/heruihua/csst_dla_runs/20261008_r48sh/seed47/ema_ep10.pt,667daf0e769102067e5c89b0032bbf06,e38b3fc1dcd6a863b9c672be4cc97f94998a22e6640988339685d68d4a74afc7,d64f80454e142342e4771c3e53796ef850e7d9fdf95fc399d27bf39efc76bcee,/home/heruihua/csst_dla_runs/20261008_r48sh/cand/seed47_ep10,
25,52,14,0.6805342188842552,0.6682913006814227,0.6988985961885039,0.846927374301676,0.5563302752293579,1790,1516,0.683269402591272,0.7145277897857357,8.45145320892334,97.3569107055664,-0.0014279184397310019,0.08046355098485947,0.059395089745521545,0.08047622442245483,0.6689840457821414,0.011550173102113814,6988,129,1.5516476992161188e-12,True,[],/home/heruihua/csst_dla_runs/20261008_r48sh/seed52/ema_ep14.pt,915075d98a08667132432d51f4b5d3b7,138353f6c64367eac219089cbe58d3392932db19865f5486019923a645e29f86,f5a9c1dd16096827949bf82b2ae7c084bfc9d093875234d894e93eeb65a8040b,/home/heruihua/csst_dla_runs/20261008_r48sh/cand/seed52_ep14,
26,47,12,0.6804072195722207,0.6678550459915121,0.6992354799432836,0.8559225512528473,0.551559633027523,1756,1503,0.686364384235147,0.7121065756514201,10.027321815490723,92.8493423461914,-0.000341784703778103,0.08402746170759201,0.06154998391866684,0.08402816206216812,0.6743244017418055,0.006082817830415199,6660,129,1.4788170688007085e-12,True,[],/home/heruihua/csst_dla_runs/20261008_r48sh/seed47/ema_ep12.pt,36aef7693b6ebfb7e0908c81369f83e6,16af03b091a4114d33a704039ae6fee1d178ccfd6df2004fc6e1f136be6fca74,4fdcd5b7b4f25bb74abf687fd85e536e4769a33bc6c23304d71f694b601c4c77,/home/heruihua/csst_dla_runs/20261008_r48sh/cand/seed47_ep12,
27,48,6,0.6797484393181372,0.6635832651604642,0.703996200554647,0.8837772397094431,0.5357798165137615,1652,1460,0.7019986764545059,0.705993724654788,7.235612392425537,91.6759033203125,-0.0011895793722942472,0.08406328409910202,0.06141531467437744,0.08407169580459595,0.6685112044404881,0.01123723487764916,6015,129,1.3355982986240633e-12,True,[],/home/heruihua/csst_dla_runs/20261008_r48sh/seed48/ema_ep6.pt,b7eefd8be540561cbd1e0cd93d93c2f0,465d061c6604971c024aa523f839e7681d61fd15c593cbf48b8f035115f07b93,e8b50e1a9a368d395dd103aa5111a2e9a8282724ff11c5d52d1f3a1539061e04,/home/heruihua/csst_dla_runs/20261008_r48sh/cand/seed48_ep6,
28,48,12,0.6794959956401454,0.6639655488723188,0.7027916657918851,0.8549311926605505,0.5471559633027523,1744,1491,0.6968322009749756,0.7087511306087947,7.773683071136475,92.81582641601562,-0.0016267419559881091,0.08199585229158401,0.059756722301244736,0.08201199024915695,0.6745100285052776,0.004985967134867764,6639,129,1.4741541320972829e-12,True,[],/home/heruihua/csst_dla_runs/20261008_r48sh/seed48/ema_ep12.pt,515ad9f3c5ab88faaac9fcf2e6827791,786c566713e1f33a09df19b81a013374053cf13703f594050cac81c1d01f255a,5c17abdf941927b1fe3d4eb2db074a58ef4b00e73c10b419293113f21089f33a,/home/heruihua/csst_dla_runs/20261008_r48sh/cand/seed48_ep12,
29,49,12,0.6794865786848625,0.6683855575821998,0.6961381103388566,0.8555997725980671,0.5522935779816514,1759,1505,0.686611052348026,0.7056651683296873,9.604950904846191,93.58628845214844,-0.0012038196437060833,0.08414405584335327,0.06102554500102997,0.08415266871452332,0.6697898214526044,0.009696757232258157,6636,129,1.4734879982825078e-12,True,[],/home/heruihua/csst_dla_runs/20261008_r48sh/seed49/ema_ep12.pt,fa58af01346e64f45802c133b5426e55,16784a25a7592798f309628f5c84b52599814189b319ee6627be9c7101fcf740,154fccf2f6acb6c77b6d383f54188b519fe9d359c9ef62bd08bf9768b5c84fff,/home/heruihua/csst_dla_runs/20261008_r48sh/cand/seed49_ep12,
30,52,6,0.679180498321514,0.6665613097874378,0.698109281122628,0.8843373493975903,0.5387155963302752,1660,1468,0.6911104788175735,0.7051080834276826,8.612650871276855,93.61137390136719,-0.0021325729321688414,0.0820196121931076,0.06042570248246193,0.08204733580350876,0.6713953131276701,0.007785185193843858,6027,129,1.3382628338831637e-12,True,[],/home/heruihua/csst_dla_runs/20261008_r48sh/seed52/ema_ep6.pt,a3caa0591e851d968deac0b3a45c8297,5bf110c0dea1adbf8e00fdf78290e6709cfa059f2df5917f4e4aac2a03cb4f42,0051ed79b849c5f8662cd7b7b653fe2ea5b50afcfae800784f3675a91e8093d4,/home/heruihua/csst_dla_runs/20261008_r48sh/cand/seed52_ep6,
31,46,8,0.6790528914466637,0.6659398071162682,0.6987225179422569,0.8797846889952153,0.5398165137614679,1672,1471,0.6874430514830283,0.7100019844014854,9.17507266998291,94.0827407836914,-0.0019684433937072754,0.08070077002048492,0.06009047478437424,0.08072477579116821,0.6771829708696098,0.0018699205770539296,6185,129,1.3733458814613186e-12,True,[],/home/heruihua/csst_dla_runs/20261008_r48sh/seed46/ema_ep8.pt,11bb4fec1e5ef7e8ceb4e2a2d08267cc,f3d9ca6c5e5a36a36f6d2a6508b3e111317098a92cf2684babb18fa72537f296,794032dd79533e95a22fdaeb7bcd2cda8fb2d15ce4320fb80661aa90a663bf61,/home/heruihua/csst_dla_runs/20261008_r48sh/cand/seed46_ep8,
32,51,14,0.678991362012193,0.6660414737753597,0.698416194367443,0.8402662229617305,0.5559633027522936,1803,1515,0.6983520515256345,0.6984803372092515,6.413585662841797,94.88240814208984,-0.0015987522201612592,0.08571518212556839,0.06185245141386986,0.08573009073734283,0.6698016160594273,0.009189745952765671,7070,129,1.5698553568199713e-12,True,[],/home/heruihua/csst_dla_runs/20261008_r48sh/seed51/ema_ep14.pt,7f6d8a00384b02dd3f193b24d172d5a5,995b2706771d8ffd0a7a8e443ecdc93b1c47fb31d6eb7b32b62918f2e0b1aa96,5ac53a4521fedcbdf92cd5f9b0d3c8fa4584f3d3a8f6cb3eae124f469774b73d,/home/heruihua/csst_dla_runs/20261008_r48sh/cand/seed51_ep14,
33,50,14,0.6789366548005864,0.6647804879824206,0.7001709050278351,0.8395335924486397,0.5548623853211009,1801,1512,0.7031278193271012,0.697213990728569,5.673079013824463,94.31881713867188,-0.0013936928007751703,0.08668149262666702,0.06192665547132492,0.0866926908493042,0.6754678246183602,0.0034688301822262124,6992,129,1.552535877635819e-12,True,[],/home/heruihua/csst_dla_runs/20261008_r48sh/seed50/ema_ep14.pt,fda93f32339227f18a7465e30ea6bb6c,aa966b3449214ec9c901729a93dfc6cf313812ae8b596c6ad6f1f1446a3902b7,2d99e343b1e1629c918417406ba60a963c3b4952f905860110ffd8e04de5e1cf,/home/heruihua/csst_dla_runs/20261008_r48sh/cand/seed50_ep14,
34,53,14,0.6789174130863367,0.6622305370960626,0.703947727071748,0.8256382400869093,0.5577981651376147,1841,1520,0.6977409018585153,0.7101545522849807,5.931620121002197,96.10899353027344,-0.0009107275982387364,0.08329134434461594,0.060415830463171005,0.08329632133245468,0.6646351800509639,0.014282233035372793,7044,129,1.5640821970919205e-12,True,[],/home/heruihua/csst_dla_runs/20261008_r48sh/seed53/ema_ep14.pt,98163978e74beb3fac2b217d3afde234,a000904141542a9977d4c7e04ed889d02272c176e153957257abdfebfe16751e,6ba2f4065fa069b45bcf864fc4854b356963ea2809fea8f4269699ded4c8e3ad,/home/heruihua/csst_dla_runs/20261008_r48sh/cand/seed53_ep14,
35,46,10,0.6787299801646913,0.6666568579064616,0.6968396635520362,0.8712522045855379,0.5438532110091743,1701,1482,0.6844761094400237,0.7092032176640487,8.876327514648438,95.9778060913086,-0.001877706265076995,0.08120902627706528,0.060366854071617126,0.08123072981834412,0.6756240653355481,0.0031059148291432415,6398,129,1.4206413823103503e-12,True,[],/home/heruihua/csst_dla_runs/20261008_r48sh/seed46/ema_ep10.pt,c38deb93386b4ab78e1bfcf9c71f5f0b,89c891c194c56ecb185a2070f3ce3559f63e25553a397038a59953b3db236a80,b5458b13fd5e6b3e193e44a53b0845de13e025c654f4262734a4e57972d53b0c,/home/heruihua/csst_dla_runs/20261008_r48sh/cand/seed46_ep10,
36,48,14,0.6783166448731048,0.6618937359452558,0.7029510082648783,0.8395751816657351,0.5511926605504587,1789,1502,0.6924964811049829,0.7134055354247738,7.697679042816162,94.84027862548828,-0.00033186597283929586,0.08359664678573608,0.06022711098194122,0.08359730988740921,0.6740623380245911,0.004254306848513689,7012,129,1.5569767697343195e-12,True,[],/home/heruihua/csst_dla_runs/20261008_r48sh/seed48/ema_ep14.pt,7f32a9f5fae5d19a810d9fdb1de5b7ca,9b6e19ff24af6104b7eebaeedb692e2dcd7f580bf7d5f8be913e8e17b6f13ad9,6f3b549ce8f9080648205f0284c4898601c87ad74cad5e6fcf73b9ad2fbbf1c4,/home/heruihua/csst_dla_runs/20261008_r48sh/cand/seed48_ep14,
37,52,16,0.6781790541626853,0.6639002265523071,0.6995972955782527,0.8167817312798725,0.5644036697247706,1883,1538,0.6873909466255277,0.7118036445309777,7.483603477478027,97.48841857910156,-0.001705590053461492,0.0807243213057518,0.059075627475976944,0.08074233680963516,0.6686002328270162,0.009578821335669119,7507,129,1.66688884917221e-12,True,[],/home/heruihua/csst_dla_runs/20261008_r48sh/seed52/ema_ep16.pt,d5c616d91db7a2e59d0f5437eb829293,9820ef57363469bbdb23857b2fb87321b3320412cb5725a848edf748146c56f0,724432b936685517fb6563c46e2607714e2b1206fbe8e950070117f6c5268c06,/home/heruihua/csst_dla_runs/20261008_r48sh/cand/seed52_ep16,
38,53,16,0.677999081403279,0.6582581601151016,0.7076104633355452,0.8046218487394958,0.5622018348623853,1904,1532,0.7128274725516515,0.702393454119439,3.7696125507354736,94.01553344726562,-0.0016880210023373365,0.08409533649682999,0.05991961061954498,0.08411227911710739,0.6668392865095092,0.011159794893769837,7571,129,1.681099703887412e-12,True,[],/home/heruihua/csst_dla_runs/20261008_r48sh/seed53/ema_ep16.pt,46ec25665deeefca8f1a9ce12c09cb99,eaf45530b868b140b86a13b4e2587cf66cb86646a96fd8d85dc6027202c5061b,1c2870438fbe8615bea6d094fd4bd762273f2e1946a0a09f0c2c2eaf4436163c,/home/heruihua/csst_dla_runs/20261008_r48sh/cand/seed53_ep16,
39,49,14,0.6768920588938747,0.6655039860228726,0.6939741682003779,0.8389596015495296,0.5563302752293579,1807,1516,0.6808798039412997,0.7070685324594562,11.1631441116333,92.98455810546875,-0.001046285149641335,0.08404120802879333,0.061095111072063446,0.08404771983623505,0.6697379591910102,0.007154099702864514,7054,129,1.5663026431411708e-12,True,[],/home/heruihua/csst_dla_runs/20261008_r48sh/seed49/ema_ep14.pt,b7a46686f452c76fd09c6562ad0a4113,33c4586ab205ba8178a254fa4c4df6f62aea380bcac25c188c71e0ea4b533ed1,220b9c8da50627916308b9ad08aa5120414ad28a3fce9d7777c52b6c26108846,/home/heruihua/csst_dla_runs/20261008_r48sh/cand/seed49_ep14,
40,52,18,0.6758567000681748,0.6585082002110978,0.7018794498537901,0.78420523138833,0.5721100917431192,1988,1559,0.6884791105346736,0.7152797891729068,7.655187606811523,96.67071533203125,-0.0016361098969355226,0.07968010008335114,0.05846025422215462,0.0796969011425972,0.6662825971627557,0.009574102905419046,8029,129,1.7827961329430764e-12,True,[],/home/heruihua/csst_dla_runs/20261008_r48sh/seed52/ema_ep18.pt,32c29bb6db24c7184213a740f5d9e67b,14308ad1f5f6e5716f6c7b6dbca0414926f19bdcf289937b83c4c13a553a45cf,e72c9a006b3136419f8bd52d37225cdf242dcc5c3142a15ce0fdf0ad08543a5b,/home/heruihua/csst_dla_runs/20261008_r48sh/cand/seed52_ep18,
41,48,16,0.6758237897677153,0.6611218687335243,0.6978766713190017,0.8161411010154997,0.5603669724770642,1871,1527,0.6890466029551539,0.7067067396828494,8.817288398742676,94.09933471679688,-0.0011526243761181831,0.08390331268310547,0.06004364788532257,0.08391123265028,0.6708388433958755,0.004984946371839771,7503,129,1.66600067075251e-12,True,[],/home/heruihua/csst_dla_runs/20261008_r48sh/seed48/ema_ep16.pt,f4ece9daa2a925fce8d186be63520d83,6e58dfc400d848239f4df633941518c14df8ad9695bfaff020d889b8d25c9f7d,4d1652101f8762de98027a3ffbe3a3877e0cd699106374c13efdf27ca18d9a55,/home/heruihua/csst_dla_runs/20261008_r48sh/cand/seed48_ep16,
42,47,14,0.6757866252538323,0.6635058429852805,0.6942077986566602,0.8349889624724062,0.5552293577981652,1812,1513,0.6815610182321038,0.7068545790812166,11.429771423339844,92.15130615234375,-0.0010225620353594422,0.08417617529630661,0.06199014186859131,0.08418238162994385,0.669125516563019,0.006661108690813267,7042,129,1.5636381078820705e-12,True,[],/home/heruihua/csst_dla_runs/20261008_r48sh/seed47/ema_ep14.pt,38792fcf7eeea5685de5278da6bf0683,c06c283de6b27cfc1659d39da1881301ec9212f79abefa7522e2387c4838f1e7,cfecc81fd6241a2e97f01709f0a7884a34dc22d1e140952b9a96cb944835594b,/home/heruihua/csst_dla_runs/20261008_r48sh/cand/seed47_ep14,
43,46,14,0.6751473032352574,0.6634634319113848,0.6926731102210664,0.8408710217755444,0.5526605504587156,1791,1506,0.6849793385665949,0.7003668818755379,7.889298439025879,97.73138427734375,-0.0022208401933312416,0.08348564058542252,0.06148124858736992,0.08351517468690872,0.6738377726914859,0.0013095305437714755,7087,129,1.5736301151036969e-12,True,[],/home/heruihua/csst_dla_runs/20261008_r48sh/seed46/ema_ep14.pt,1582343336b9d8954627fa4377625a83,a28e2e0100089c283df5670dd6a4c49c5ea91d5b280104e8b31a97710b283184,a66ee9d6f7fea14dcf3c323ea7d5dd1eef82eae0ac9c24634d24acd8334ed75c,/home/heruihua/csst_dla_runs/20261008_r48sh/cand/seed46_ep14,
44,53,18,0.6745897278579491,0.6541207944553639,0.7052931279618271,0.7727722772277228,0.5728440366972477,2020,1561,0.7069305589659202,0.7036556969577339,5.344958782196045,93.35693359375,-0.0013531019212678075,0.08448377251625061,0.059876445680856705,0.08449459820985794,0.6629330944089633,0.01165663344898582,8118,129,1.8025581027814042e-12,True,[],/home/heruihua/csst_dla_runs/20261008_r48sh/seed53/ema_ep18.pt,0eaa5a100f2e3f4245d9f1989f94abbc,6dad4108420d11c6bbb687184453a1d85ec550f3e309b06c9f9ce87d8ce13cbc,a9dbdc99ca8e63206ac3cb1e2c2b560fb91f176ff5bb1b2a7c74bb801c106c67,/home/heruihua/csst_dla_runs/20261008_r48sh/cand/seed53_ep18,
45,51,16,0.6745428698617449,0.658705973269648,0.6982982147498904,0.8047244094488188,0.5625688073394496,1905,1533,0.6918191310019727,0.7047772984978082,7.47147274017334,95.58627319335938,-0.0010736456606537104,0.08478423953056335,0.06123201921582222,0.08479103446006775,0.6664651713945768,0.008077698467168104,7636,129,1.695532603207539e-12,True,[],/home/heruihua/csst_dla_runs/20261008_r48sh/seed51/ema_ep16.pt,b6158ed098602359d6459e79c9575531,4760952692aead122b00ef3a79b35ae7c8b5e56bb6e19d2029d39d281ecdb503,dc6f52aaaeb24be6f97ff93e82c2f0f87dfa61edb5c9ca16f47764eee0d0fcd1,/home/heruihua/csst_dla_runs/20261008_r48sh/cand/seed51_ep16,
46,46,12,0.6742459358790287,0.663294637811336,0.6906728829805676,0.8583815028901735,0.544954128440367,1730,1485,0.684263188116293,0.6970825778448422,9.40893840789795,95.00592041015625,-0.0027982525061815977,0.08321721851825714,0.061021942645311356,0.08326425403356552,0.6753092866846222,-0.0010633508055934993,6672,129,1.4814816040598089e-12,True,[],/home/heruihua/csst_dla_runs/20261008_r48sh/seed46/ema_ep12.pt,ddcafbf2a6c2b75c10a56a8a0a78afdb,cde6e575ceb05d01b2ba82c36f683e2fc89509d7d8e29e4643dbd1325cd3b6c1,16d45dd140e8c4460b54febfacc958fade00ea8b68e6a3a5427653ad5ee0ec6e,/home/heruihua/csst_dla_runs/20261008_r48sh/cand/seed46_ep12,
47,51,18,0.6742187785135441,0.6548959295432396,0.7032030519690009,0.7785571142284569,0.5702752293577982,1996,1554,0.7004938164723663,0.7059122874656355,6.364947319030762,94.06102752685547,-0.0012352954363450408,0.0839778333902359,0.06076643988490105,0.08398691564798355,0.6673620523187516,0.006856726194792495,8179,129,1.816102823681831e-12,True,[],/home/heruihua/csst_dla_runs/20261008_r48sh/seed51/ema_ep18.pt,b7d3a7d3c9caf0ba70a8ac013a04c3dd,8663a9d7c52e752779edba24bab7f1a3d521e7b506969807c1dfbfe8f6ff45f2,bb6f9b282154a355f225f4caccfcddba307ecb6ce70171a430b9bc12b8eac587,/home/heruihua/csst_dla_runs/20261008_r48sh/cand/seed51_ep18,
48,53,20,0.6735331175123487,0.6476222244414854,0.7123994571186435,0.745274102079395,0.5787155963302753,2116,1577,0.7097540680794809,0.7150448461578061,4.029654026031494,94.79171752929688,-0.0008057671366259456,0.08183808624744415,0.0589836947619915,0.08184204995632172,0.6626625040227887,0.010870613489559977,8657,129,1.922240144835996e-12,True,[],/home/heruihua/csst_dla_runs/20261008_r48sh/seed53/ema_ep20.pt,d5f05ff006736ca4407f1819824a7e1d,3a31a08a79b00a56faa88f5b9b3cbee4deb0e79cba0e1cc51ec4aff5849a8a18,9429a44c493c30eb79aa67c79b8289ff9fa0c81104f5ddf88004ddd6a559ab49,/home/heruihua/csst_dla_runs/20261008_r48sh/cand/seed53_ep20,
49,49,16,0.673465670115594,0.664110938716583,0.6874977672141105,0.8103719224724987,0.5677064220183486,1909,1547,0.6759620303761454,0.6990335040520756,10.851181030273438,95.78314971923828,-0.001785698696039617,0.08504990488290787,0.06112932413816452,0.08506865054368973,0.6681985672896282,0.005267102825965764,7548,129,1.6759926779741363e-12,True,[],/home/heruihua/csst_dla_runs/20261008_r48sh/seed49/ema_ep16.pt,cf10e450f3f18b9b9355a1277616a71a,801a519669b4d6322794bc752a4b0e875ad0e4d096fd9cfd1c256d2c721ff2d4,46c026e02ed82deccd4a6b6986e88567560789dfcc878e66cbc0f410f73cb27c,/home/heruihua/csst_dla_runs/20261008_r48sh/cand/seed49_ep16,
50,47,16,0.6724676083322851,0.6580412216157389,0.6941071884071044,0.813169164882227,0.5574311926605504,1868,1519,0.6843204029892768,0.7038939738249319,9.800239562988281,94.19823455810547,-0.0006110434187576175,0.08625427633523941,0.06229773908853531,0.08625643700361252,0.6650191797471482,0.007448428585136946,7483,129,1.6615597786540093e-12,True,[],/home/heruihua/csst_dla_runs/20261008_r48sh/seed47/ema_ep16.pt,e939a87a855b1db97eccd0a71a31986f,04ff77f38d51750b3be63328fba2adc4e178d156eeae878e6dc2f122b221684a,4021e13d72945996949729e5c0a48080221b8323561fff22a4208ba73e1eaa20,/home/heruihua/csst_dla_runs/20261008_r48sh/cand/seed47_ep16,
51,51,20,0.6721928347439081,0.6532515847282583,0.700604709767383,0.7516587677725118,0.5820183486238533,2110,1586,0.6990175829858285,0.7021918365489375,6.330849647521973,94.76211547851562,-0.001293402398005128,0.08515365421772003,0.060697220265865326,0.08516347408294678,0.6653663994306096,0.006826435313298518,8739,129,1.9404478024398486e-12,True,[],/home/heruihua/csst_dla_runs/20261008_r48sh/seed51/ema_ep20.pt,7e1e57c3fec569f2d383e3f99e26b026,ad209e1c7576008f9c722f109bbd1b0c70c8678c06e1919406f13930bc10a4c3,bbd5fcd85e98fdd2a52d3c8eaf51874ee33f2866c6206e679df78837a2046817,/home/heruihua/csst_dla_runs/20261008_r48sh/cand/seed51_ep20,
52,50,16,0.6719806934777758,0.6599679113456892,0.6899998666759056,0.8136315228966986,0.5607339449541284,1878,1528,0.6999188653389553,0.6800808680128559,5.825204372406006,95.38684844970703,-0.0023192623630166054,0.09058773517608643,0.06264647096395493,0.09061741828918457,0.6757838475221691,-0.003803154044393353,7517,129,1.6691092952214603e-12,True,[],/home/heruihua/csst_dla_runs/20261008_r48sh/seed50/ema_ep16.pt,b6f32f35de82b1ae8aeab3467817115c,97f66a35125339c3181189d71b27911bc2f188ed8881c92e1b136533ff4250fb,8b3c0585451f12ecb02c9893d712f6beb8cdf1e116428dedafcac695ba705bee,/home/heruihua/csst_dla_runs/20261008_r48sh/cand/seed50_ep16,
53,49,18,0.6716529861771412,0.6600027151045238,0.6891283927860672,0.786144578313253,0.5746788990825689,1992,1566,0.6782927143151022,0.6999640712570322,10.75066089630127,94.95158386230469,-0.001364375464618206,0.0857706293463707,0.060995202511548996,0.08578148484230042,0.6693455444514875,0.0023074417256536695,8095,129,1.7974510768681284e-12,True,[],/home/heruihua/csst_dla_runs/20261008_r48sh/seed49/ema_ep18.pt,2f55fb7241f94f82e32485ccb183c715,535bb9a14078266177281cbff765a5bb725a99aaa999eba46879b2b9929d41a6,2243294f439a5c1157b808283c5e856153a4c528d16e787045c6654139b24a3a,/home/heruihua/csst_dla_runs/20261008_r48sh/cand/seed49_ep18,
54,48,18,0.6704856618852646,0.6551981183730351,0.6934169771536091,0.7875383043922369,0.5658715596330275,1958,1542,0.6841358542315708,0.7026981000756474,9.094725608825684,95.69017791748047,-0.0018288689898326993,0.08363480865955353,0.05996936559677124,0.08365479856729507,0.668007678351529,0.002477983533735628,8096,129,1.7976731214730535e-12,True,[],/home/heruihua/csst_dla_runs/20261008_r48sh/seed48/ema_ep18.pt,324c418e688b37caca5cf76febb458c8,8ab063980188fb53e08f0fdcab2fb01cdf45a2615f9d5586b66350011f0181e2,4921997fc2cf5f179a2db2d97aa722d5e69762555fe3def79d3bc45d09f6d5ac,/home/heruihua/csst_dla_runs/20261008_r48sh/cand/seed48_ep18,
55,52,20,0.6702658634899028,0.6498198773693604,0.7009348426707164,0.7484575225439013,0.5787155963302753,2107,1577,0.69039546138981,0.7114742239516227,7.096750736236572,96.9537124633789,-0.001555882510729134,0.08121431618928909,0.05933237448334694,0.08122921735048294,0.6628984116209231,0.007367451868979691,8549,129,1.8982593275040927e-12,True,[],/home/heruihua/csst_dla_runs/20261008_r48sh/seed52/ema_ep20.pt,1393967be97fc877481155c697687b2e,a188789ac5222f337eb7fe0ccce5bd4f302276525f55d5de0ce6c272448ab8cd,4e6bb659b16df906a8c8ff8f67387cddfbd813478b16ec846c531a7779c4d89a,/home/heruihua/csst_dla_runs/20261008_r48sh/cand/seed52_ep20,
56,50,18,0.6694965548564633,0.6520615085753053,0.6956491242782004,0.782520325203252,0.5651376146788991,1968,1540,0.7084816260764314,0.6828166224799694,5.221887111663818,92.94557189941406,-0.002687007188796997,0.0886647179722786,0.062291208654642105,0.08870542794466019,0.6715099534877467,-0.0020133986312833585,8105,129,1.7996715229173788e-12,True,[],/home/heruihua/csst_dla_runs/20261008_r48sh/seed50/ema_ep18.pt,dc77baeda9ca75980f285b8c9babc51e,d51ffe4e162349be8966640c4523dcf4cb8f1416d91099b2c00dcdcea612ed27,87c832663972778d73625bab105c2d56f2dc676473e1d0b50f866ff67ca30331,/home/heruihua/csst_dla_runs/20261008_r48sh/cand/seed50_ep18,
57,46,16,0.6690454497656257,0.6553122599273987,0.6896452345229664,0.8011572856391374,0.5588990825688074,1901,1523,0.687962272512243,0.6913281965336898,7.144958972930908,97.91646575927734,-0.0026504858396947384,0.08565893769264221,0.06169167533516884,0.08569993823766708,0.6646011766842411,0.00444427308138462,7645,129,1.6975310046518644e-12,True,[],/home/heruihua/csst_dla_runs/20261008_r48sh/seed46/ema_ep16.pt,beedaa9e052c67aed378e643df819fec,8386af4fac8dbf8156d168fe0c3201f30a334fb63298f35eb58b7eb92b45eb0e,54c9943e6a662cde8b319ec4595caa6265140cd0a85f421ed0b2f700cda6d07d,/home/heruihua/csst_dla_runs/20261008_r48sh/cand/seed46_ep16,
58,48,20,0.6678282399394188,0.6496202417360076,0.6951402372445354,0.7664522513607125,0.568440366972477,2021,1549,0.6899521695854839,0.7003283049035871,8.700777053833008,93.93834686279297,-0.0020304101053625345,0.08397548645734787,0.06017552316188812,0.08400004357099533,0.666792833548014,0.0010354063914047584,8592,129,1.907807245515869e-12,True,[],/home/heruihua/csst_dla_runs/20261008_r48sh/seed48/ema_ep20.pt,cd98b3d0521861efeddf539dbd0f98f2,09f1c8a5c1d2f99f318c7406d3f302c74bb106eae37eacf8b093d851bb29b659,2a9be82ce222fb79a3d617afb63b900e944c863d2787de8361268c4bd103f173,/home/heruihua/csst_dla_runs/20261008_r48sh/cand/seed48_ep20,
59,49,20,0.6677449481417925,0.6514411958776493,0.6922005765380076,0.7514231499051234,0.5812844036697248,2108,1584,0.6766102118142782,0.707790941261737,9.688207626342773,97.82156372070312,-0.000964263454079628,0.08399096876382828,0.060513436794281006,0.08399651199579239,0.659476552569271,0.00826839557252157,8665,129,1.9240165016753963e-12,True,[],/home/heruihua/csst_dla_runs/20261008_r48sh/seed49/ema_ep20.pt,f578aa22721f19dd08815c09b028a33d,57cd7ef290208eac29fab4007a0b6ea54b4175dd5f3e0340194e4752131680cd,299e607d0e27aa953f3ac45bd651925c32ae716098d7fe2e1e227bcfe68cf58a,/home/heruihua/csst_dla_runs/20261008_r48sh/cand/seed49_ep20,
60,50,20,0.6668212993966498,0.6467846033776011,0.696876343425223,0.7504789272030651,0.575045871559633,2088,1567,0.7101495494816962,0.6836031373687497,3.6192564964294434,95.44539642333984,-0.0024658499751240015,0.08892980962991714,0.06168264150619507,0.08896399289369583,0.6689370765501208,-0.002115777153470999,8662,129,1.923350367860621e-12,True,[],/home/heruihua/csst_dla_runs/20261008_r48sh/seed50/ema_ep20.pt,624defb72e7496161e5d19e6b272d8a2,81780d2205804d75b13c37d8a06f65459036c09f192da2f50e80baf4335a474a,b5ce90ff577e519cabdf758dcd68ca294bf7e051a737cf383d4f3687049860ca,/home/heruihua/csst_dla_runs/20261008_r48sh/cand/seed50_ep20,
61,46,18,0.6666338434006742,0.655191022208197,0.6837980751893902,0.7822132390096008,0.5680733944954128,1979,1548,0.6875101266766093,0.6800860237021712,7.193102836608887,98.01741027832031,-0.0036911694332957268,0.08715607225894928,0.06240503117442131,0.08723419904708862,0.6606200235864933,0.006013819814180921,8163,129,1.8125501100030306e-12,True,[],/home/heruihua/csst_dla_runs/20261008_r48sh/seed46/ema_ep18.pt,1c1e285b2230edf79a29365e06047ab4,17383a5ff560705ee6be4b0099840178abb9bfe8ce9690d782cb6059f89af4d7,84f36a431268e889768e5a1b6145f92360af55f125fb8dae91088c7b03fb4598,/home/heruihua/csst_dla_runs/20261008_r48sh/cand/seed46_ep18,
62,46,20,0.6665395453544369,0.6493559585091115,0.6923149256224252,0.761252446183953,0.5710091743119267,2044,1556,0.6855822046560515,0.6990476465887991,7.786112308502197,97.67383575439453,-0.0022997206542640924,0.08375979214906693,0.06070752441883087,0.0837913528084755,0.6603227690672764,0.0062167762871605525,8649,129,1.9204637879965958e-12,True,[],/home/heruihua/csst_dla_runs/20261008_r48sh/seed46/ema_ep20.pt,596e93002ee3cd1bc20fe6d33d39684a,221a75572a80494c05361f715a1078ea7d49e73436a8d6cce3dc4bcc1b2be2b2,bb5268f122c9a0212a150c0260eb0dff245284d8662ff963e27c06ea5a78e439,/home/heruihua/csst_dla_runs/20261008_r48sh/cand/seed46_ep20,
63,47,18,0.6664410364167384,0.651066150159446,0.6895033658026768,0.7816793893129771,0.5636697247706423,1965,1536,0.6797912942857732,0.6992154373195802,11.220131874084473,93.35057067871094,-0.0014669721713289618,0.08578166365623474,0.062152549624443054,0.08579421043395996,0.659027257496869,0.007413778919869385,8021,129,1.7810197761036761e-12,True,[],/home/heruihua/csst_dla_runs/20261008_r48sh/seed47/ema_ep18.pt,3fccc628a6dc14c13cc77bbb63cd0f99,f3ae561a1bd6dbeb50024b6d227ca73e77e88a1187ee521ad59189d79799c7ee,35cd87315da61be8bb2679ecdd92adf2fcd9919b033fbc926e27e16085008700,/home/heruihua/csst_dla_runs/20261008_r48sh/cand/seed47_ep18,
64,47,20,0.6630952592555015,0.6438898438057868,0.6919033824300735,0.7651174412793603,0.5618348623853211,2001,1531,0.6908782090814701,0.6929285557786771,8.624821662902832,93.68787384033203,-0.0015905019827187061,0.08773083984851837,0.0625041127204895,0.08774525672197342,0.6574746066495207,0.005620652605980769,8445,129,1.8751666885918894e-12,True,[],/home/heruihua/csst_dla_runs/20261008_r48sh/seed47/ema_ep20.pt,68ee3168bbc336aa66cd570aa51a1473,578685224157a01501be90750acf1bcb6ffd4aa4ccb1b2e1a53c9aadc8b528a9,e4b24b602debea6f164bd8f220d08571ae5ed697b9e29aed64eb2933307d81b6,/home/heruihua/csst_dla_runs/20261008_r48sh/cand/seed47_ep20,
